,predictions
0,"DecisionTreeClassifier(max_features='auto', random_state=206936773)"
1,"DecisionTreeClassifier(max_features='auto', random_state=1663582678)"
2,"DecisionTreeClassifier(max_features='auto', random_state=777230231)"
3,"DecisionTreeClassifier(max_features='auto', random_state=315068456)"
4,"DecisionTreeClassifier(max_features='auto', random_state=1282889833)"
5,"DecisionTreeClassifier(max_features='auto', random_state=414816566)"
6,"DecisionTreeClassifier(max_features='auto', random_state=1288956600)"
7,"DecisionTreeClassifier(max_features='auto', random_state=1398444573)"
8,"DecisionTreeClassifier(max_features='auto', random_state=1998436468)"
9,"DecisionTreeClassifier(max_features='auto', random_state=1119358356)"
10,"DecisionTreeClassifier(max_features='auto', random_state=1907050611)"
11,"DecisionTreeClassifier(max_features='auto', random_state=2120306766)"
12,"DecisionTreeClassifier(max_features='auto', random_state=1422642947)"
13,"DecisionTreeClassifier(max_features='auto', random_state=285003276)"
14,"DecisionTreeClassifier(max_features='auto', random_state=1058999928)"
15,"DecisionTreeClassifier(max_features='auto', random_state=1080412203)"
16,"DecisionTreeClassifier(max_features='auto', random_state=215941828)"
17,"DecisionTreeClassifier(max_features='auto', random_state=294527124)"
18,"DecisionTreeClassifier(max_features='auto', random_state=2093503574)"
19,"DecisionTreeClassifier(max_features='auto', random_state=1870767718)"
20,"DecisionTreeClassifier(max_features='auto', random_state=645266208)"
21,"DecisionTreeClassifier(max_features='auto', random_state=1940603895)"
22,"DecisionTreeClassifier(max_features='auto', random_state=1808090115)"
23,"DecisionTreeClassifier(max_features='auto', random_state=1278321702)"
24,"DecisionTreeClassifier(max_features='auto', random_state=1025354820)"
25,"DecisionTreeClassifier(max_features='auto', random_state=758183385)"
26,"DecisionTreeClassifier(max_features='auto', random_state=1062669719)"
27,"DecisionTreeClassifier(max_features='auto', random_state=2045638814)"
28,"DecisionTreeClassifier(max_features='auto', random_state=77451842)"
29,"DecisionTreeClassifier(max_features='auto', random_state=1391406492)"
30,"DecisionTreeClassifier(max_features='auto', random_state=704734797)"
31,"DecisionTreeClassifier(max_features='auto', random_state=1748859287)"
32,"DecisionTreeClassifier(max_features='auto', random_state=1257559198)"
33,"DecisionTreeClassifier(max_features='auto', random_state=1933955235)"
34,"DecisionTreeClassifier(max_features='auto', random_state=1604182117)"
35,"DecisionTreeClassifier(max_features='auto', random_state=1654385948)"
36,"DecisionTreeClassifier(max_features='auto', random_state=1645266901)"
37,"DecisionTreeClassifier(max_features='auto', random_state=670764090)"
38,"DecisionTreeClassifier(max_features='auto', random_state=256744593)"
39,"DecisionTreeClassifier(max_features='auto', random_state=881099074)"
40,"DecisionTreeClassifier(max_features='auto', random_state=962896212)"
41,"DecisionTreeClassifier(max_features='auto', random_state=960476765)"
42,"DecisionTreeClassifier(max_features='auto', random_state=1861442686)"
43,"DecisionTreeClassifier(max_features='auto', random_state=2003476265)"
44,"DecisionTreeClassifier(max_features='auto', random_state=1674357040)"
45,"DecisionTreeClassifier(max_features='auto', random_state=1738387232)"
46,"DecisionTreeClassifier(max_features='auto', random_state=647161932)"
47,"DecisionTreeClassifier(max_features='auto', random_state=247674038)"
48,"DecisionTreeClassifier(max_features='auto', random_state=1382235982)"
49,"DecisionTreeClassifier(max_features='auto', random_state=1593509768)"
50,"DecisionTreeClassifier(max_features='auto', random_state=1436844308)"
51,"DecisionTreeClassifier(max_features='auto', random_state=1622272060)"
52,"DecisionTreeClassifier(max_features='auto', random_state=1712630881)"
53,"DecisionTreeClassifier(max_features='auto', random_state=1725332568)"
54,"DecisionTreeClassifier(max_features='auto', random_state=46904801)"
55,"DecisionTreeClassifier(max_features='auto', random_state=1839409406)"
56,"DecisionTreeClassifier(max_features='auto', random_state=887543660)"
57,"DecisionTreeClassifier(max_features='auto', random_state=639775072)"
58,"DecisionTreeClassifier(max_features='auto', random_state=1307034921)"
59,"DecisionTreeClassifier(max_features='auto', random_state=265700223)"
60,"DecisionTreeClassifier(max_features='auto', random_state=302724670)"
61,"DecisionTreeClassifier(max_features='auto', random_state=1739352454)"
62,"DecisionTreeClassifier(max_features='auto', random_state=468453935)"
63,"DecisionTreeClassifier(max_features='auto', random_state=1886864742)"
64,"DecisionTreeClassifier(max_features='auto', random_state=1993863590)"
65,"DecisionTreeClassifier(max_features='auto', random_state=1037108390)"
66,"DecisionTreeClassifier(max_features='auto', random_state=1766888590)"
67,"DecisionTreeClassifier(max_features='auto', random_state=382250920)"
68,"DecisionTreeClassifier(max_features='auto', random_state=249061297)"
69,"DecisionTreeClassifier(max_features='auto', random_state=240908955)"
70,"DecisionTreeClassifier(max_features='auto', random_state=365391014)"
71,"DecisionTreeClassifier(max_features='auto', random_state=114083482)"
72,"DecisionTreeClassifier(max_features='auto', random_state=489323277)"
73,"DecisionTreeClassifier(max_features='auto', random_state=1207856576)"
74,"DecisionTreeClassifier(max_features='auto', random_state=1911141261)"
75,"DecisionTreeClassifier(max_features='auto', random_state=1107399321)"
76,"DecisionTreeClassifier(max_features='auto', random_state=800542380)"
77,"DecisionTreeClassifier(max_features='auto', random_state=161157030)"
78,"DecisionTreeClassifier(max_features='auto', random_state=353433516)"
79,"DecisionTreeClassifier(max_features='auto', random_state=1034938927)"
80,"DecisionTreeClassifier(max_features='auto', random_state=18049726)"
81,"DecisionTreeClassifier(max_features='auto', random_state=1292547340)"
82,"DecisionTreeClassifier(max_features='auto', random_state=1273083860)"
83,"DecisionTreeClassifier(max_features='auto', random_state=1488704596)"
84,"DecisionTreeClassifier(max_features='auto', random_state=1583124443)"
85,"DecisionTreeClassifier(max_features='auto', random_state=589895358)"
86,"DecisionTreeClassifier(max_features='auto', random_state=1519659776)"
87,"DecisionTreeClassifier(max_features='auto', random_state=1486490411)"
88,"DecisionTreeClassifier(max_features='auto', random_state=1576933448)"
89,"DecisionTreeClassifier(max_features='auto', random_state=561973968)"
90,"DecisionTreeClassifier(max_features='auto', random_state=1123836083)"
91,"DecisionTreeClassifier(max_features='auto', random_state=566120930)"
92,"DecisionTreeClassifier(max_features='auto', random_state=1166909521)"
93,"DecisionTreeClassifier(max_features='auto', random_state=765181718)"
94,"DecisionTreeClassifier(max_features='auto', random_state=288772205)"
95,"DecisionTreeClassifier(max_features='auto', random_state=1562872472)"
96,"DecisionTreeClassifier(max_features='auto', random_state=1201964523)"
97,"DecisionTreeClassifier(max_features='auto', random_state=410592906)"
98,"DecisionTreeClassifier(max_features='auto', random_state=712733139)"
99,"DecisionTreeClassifier(max_features='auto', random_state=1970900957)"
100,"DecisionTreeClassifier(max_features='auto', random_state=365880638)"
101,"DecisionTreeClassifier(max_features='auto', random_state=249235382)"
102,"DecisionTreeClassifier(max_features='auto', random_state=1029259287)"
103,"DecisionTreeClassifier(max_features='auto', random_state=1403498019)"
104,"DecisionTreeClassifier(max_features='auto', random_state=2029108958)"
105,"DecisionTreeClassifier(max_features='auto', random_state=742116486)"
106,"DecisionTreeClassifier(max_features='auto', random_state=1703973507)"
107,"DecisionTreeClassifier(max_features='auto', random_state=881385153)"
108,"DecisionTreeClassifier(max_features='auto', random_state=1158802235)"
109,"DecisionTreeClassifier(max_features='auto', random_state=689835242)"
110,"DecisionTreeClassifier(max_features='auto', random_state=236135765)"
111,"DecisionTreeClassifier(max_features='auto', random_state=1234976406)"
112,"DecisionTreeClassifier(max_features='auto', random_state=572005720)"
113,"DecisionTreeClassifier(max_features='auto', random_state=201541786)"
114,"DecisionTreeClassifier(max_features='auto', random_state=1756790906)"
115,"DecisionTreeClassifier(max_features='auto', random_state=259546579)"
116,"DecisionTreeClassifier(max_features='auto', random_state=1802116481)"
117,"DecisionTreeClassifier(max_features='auto', random_state=1143780090)"
118,"DecisionTreeClassifier(max_features='auto', random_state=38432308)"
119,"DecisionTreeClassifier(max_features='auto', random_state=1270901796)"
120,"DecisionTreeClassifier(max_features='auto', random_state=891107991)"
121,"DecisionTreeClassifier(max_features='auto', random_state=637032571)"
122,"DecisionTreeClassifier(max_features='auto', random_state=838371319)"
123,"DecisionTreeClassifier(max_features='auto', random_state=908171154)"
124,"DecisionTreeClassifier(max_features='auto', random_state=184671755)"
125,"DecisionTreeClassifier(max_features='auto', random_state=1854159534)"
126,"DecisionTreeClassifier(max_features='auto', random_state=431847595)"
127,"DecisionTreeClassifier(max_features='auto', random_state=949985772)"
